{
  "onlystats": {
    "total_time_seconds": 28.061654457997065,
    "insights_generated": 132,
    "throughput_insights_per_second": 4.703927924049481,
    "step_times": {
      "card_generation": 0,
      "isgen": 28.061654457997065
    }
  }
}