{
  "statistics": {
    "numerical_stats": {
      "STT": {
        "count": 1036,
        "mean": 518.5,
        "median": 518.5,
        "std": 299.2117421938295,
        "min": 1.0,
        "max": 1036.0,
        "q25": 259.75,
        "q75": 777.25,
        "skewness": 0.0,
        "kurtosis": -1.1999999999999997
      },
      "Độ D": {
        "count": 1036,
        "mean": 0.4035714285714286,
        "median": 0.4,
        "std": 0.056095034219119336,
        "min": 0.25,
        "max": 0.5,
        "q25": 0.35,
        "q75": 0.45,
        "skewness": -0.013389103099613511,
        "kurtosis": -0.64478511708126
      },
      "Khối lượng": {
        "count": 1036,
        "mean": 3740.796332046332,
        "median": 4020.0,
        "std": 934.4466538103986,
        "min": 210.0,
        "max": 5180.0,
        "q25": 3510.0,
        "q75": 4260.0,
        "skewness": -1.8067205771100994,
        "kurtosis": 3.1101967270858513
      },
      "Met A": {
        "count": 1036,
        "mean": 1183.453667953668,
        "median": 1203.0,
        "std": 392.9362264343975,
        "min": 0.0,
        "max": 2226.0,
        "q25": 1014.0,
        "q75": 1386.0,
        "skewness": -0.6673220117797065,
        "kurtosis": 1.2867927446028142
      },
      "Met B": {
        "count": 1036,
        "mean": 12.146718146718147,
        "median": 0.0,
        "std": 115.53564269601127,
        "min": 0.0,
        "max": 1890.0,
        "q25": 0.0,
        "q75": 0.0,
        "skewness": 13.492035335774032,
        "kurtosis": 201.9627621141001
      },
      "Met C": {
        "count": 1036,
        "mean": 2.2915057915057915,
        "median": 2.0,
        "std": 2.4036938664961394,
        "min": 2.0,
        "max": 46.0,
        "q25": 2.0,
        "q75": 2.0,
        "skewness": 13.472556446077784,
        "kurtosis": 212.62701246220325
      },
      "Tỷ trọng thực tế": {
        "count": 1036,
        "mean": 3.223551646960425,
        "median": 3.160237389,
        "std": 0.5950375019659784,
        "min": 1.936416185,
        "max": 8.824786325,
        "q25": 2.80775559475,
        "q75": 3.666555656,
        "skewness": 0.7887535229535749,
        "kurtosis": 6.564970633756431
      },
      "Khổ (mm)": {
        "count": 1036,
        "mean": 1200.0,
        "median": 1200.0,
        "std": 0.0,
        "min": 1200.0,
        "max": 1200.0,
        "q25": 1200.0,
        "q75": 1200.0,
        "skewness": 0.0,
        "kurtosis": 0.0
      },
      "Thành Tiền": {
        "count": 1036,
        "mean": 81933785.89864865,
        "median": 86226338.0,
        "std": 20920670.62342411,
        "min": 4626930.0,
        "max": 121947595.0,
        "q25": 78720185.5,
        "q75": 94304663.75,
        "skewness": -1.7114930362620704,
        "kurtosis": 2.9232736360293172
      },
      "Năm": {
        "count": 1036,
        "mean": 2025.2171814671815,
        "median": 2025.0,
        "std": 0.4125262923948877,
        "min": 2025.0,
        "max": 2026.0,
        "q25": 2025.0,
        "q75": 2025.0,
        "skewness": 1.3738061104155237,
        "kurtosis": -0.11287841383255826
      },
      "Tháng": {
        "count": 1036,
        "mean": 8.083011583011583,
        "median": 10.0,
        "std": 3.92204977019233,
        "min": 1.0,
        "max": 12.0,
        "q25": 8.0,
        "q75": 11.0,
        "skewness": -1.0416479229815072,
        "kurtosis": -0.4676422255973436
      },
      "Ngày": {
        "count": 1036,
        "mean": 19.845559845559844,
        "median": 20.0,
        "std": 9.203931609783641,
        "min": 1.0,
        "max": 31.0,
        "q25": 12.0,
        "q75": 30.0,
        "skewness": -0.21755352022799,
        "kurtosis": -1.2868054379748024
      },
      "Tuần_trong_tháng": {
        "count": 1036,
        "mean": 3.3465250965250966,
        "median": 3.0,
        "std": 1.4006890955400222,
        "min": 1.0,
        "max": 5.0,
        "q25": 2.0,
        "q75": 5.0,
        "skewness": -0.17580570738788737,
        "kurtosis": -1.2997894708122233
      },
      "Giá_trên_kg": {
        "count": 1036,
        "mean": 21907.694015444016,
        "median": 22086.5,
        "std": 1654.401151781904,
        "min": 8257.0,
        "max": 28917.0,
        "q25": 20671.75,
        "q75": 23100.0,
        "skewness": -0.5152250943176246,
        "kurtosis": 3.854677187855267
      },
      "Doanh_thu_trên_mm": {
        "count": 1036,
        "mean": 68278.14768339768,
        "median": 71855.5,
        "std": 17433.886942422327,
        "min": 3856.0,
        "max": 101623.0,
        "q25": 65600.0,
        "q75": 78587.25,
        "skewness": -1.7114909144951027,
        "kurtosis": 2.9232651112860486
      },
      "Doanh_thu_theo_tuan_trong_thang": {
        "count": 1011,
        "mean": 612631791.0395647,
        "median": 336587537.0,
        "std": 601214469.8585545,
        "min": 4626930.0,
        "max": 2428245666.0,
        "q25": 159594435.0,
        "q75": 993256495.0,
        "skewness": 1.167274626402757,
        "kurtosis": 0.5029880085676699
      },
      "Khoảng_cách_đơn_trước": {
        "count": 994,
        "mean": 4.797786720321931,
        "median": 0.0,
        "std": 10.005454460619438,
        "min": 0.0,
        "max": 92.0,
        "q25": 0.0,
        "q75": 6.0,
        "skewness": 4.042185380606718,
        "kurtosis": 21.762837823675746
      },
      "Số_lần_bán_sản_phẩm": {
        "count": 1036,
        "mean": 89.8011583011583,
        "median": 71.0,
        "std": 68.39217006495169,
        "min": 1.0,
        "max": 199.0,
        "q25": 28.0,
        "q75": 133.0,
        "skewness": 0.4012130386309984,
        "kurtosis": -1.2563769005654588
      },
      "Tổng_doanh_thu_sản_phẩm": {
        "count": 1010,
        "mean": 7524349657.855446,
        "median": 6111648257.0,
        "std": 5405609787.982004,
        "min": 7781840.0,
        "max": 15628940014.0,
        "q25": 2363274177.0,
        "q75": 11121469464.0,
        "skewness": 0.2511944729562264,
        "kurtosis": -1.4178454628874069
      },
      "Doanh_thu_tb_mỗi_lần": {
        "count": 1036,
        "mean": 81933785.84942085,
        "median": 83620071.0,
        "std": 7839984.876683546,
        "min": 7781840.0,
        "max": 102368079.0,
        "q25": 78537387.0,
        "q75": 86079553.0,
        "skewness": -3.2969517239161927,
        "kurtosis": 19.513009084443418
      },
      "Tần_suất_bán": {
        "count": 1036,
        "mean": 17.986486486486488,
        "median": 13.0,
        "std": 14.51907992755782,
        "min": 1.0,
        "max": 50.0,
        "q25": 6.0,
        "q75": 30.0,
        "skewness": 0.7427837280218643,
        "kurtosis": -0.5100414839570941
      },
      "Doanh_thu_tỉnh": {
        "count": 1036,
        "mean": 24705239794.129345,
        "median": 10689658678.0,
        "std": 17890476444.954044,
        "min": 63414010.0,
        "max": 42799130622.0,
        "q25": 7589710139.0,
        "q75": 42799130622.0,
        "skewness": 0.0010872062281758407,
        "kurtosis": -1.9583264900129727
      },
      "Khoảng_cách_vận_chuyển_km": {
        "count": 1036,
        "mean": 262.16988416988414,
        "median": 240.5,
        "std": 177.27045332926028,
        "min": 10.0,
        "max": 599.0,
        "q25": 110.0,
        "q75": 414.0,
        "skewness": 0.3158395583638842,
        "kurtosis": -1.2059921123824577
      },
      "Cờ_giao_hàng_trễ": {
        "count": 1036,
        "mean": 0.2548262548262548,
        "median": 0.0,
        "std": 0.4359739706872205,
        "min": 0.0,
        "max": 1.0,
        "q25": 0.0,
        "q75": 1.0,
        "skewness": 1.126892821904081,
        "kurtosis": -0.7315285182373024
      },
      "Cờ_khiếu_nại_lặp_lại": {
        "count": 1036,
        "mean": 0.2886100386100386,
        "median": 0.0,
        "std": 0.45333503671418957,
        "min": 0.0,
        "max": 1.0,
        "q25": 0.0,
        "q75": 1.0,