{
  "total_time": 588.4927536670002,
  "step_times": {
    "qugen": 441.59061008301796,
    "isgen": 146.90214358398225
  },
  "insights_generated": 98,
  "throughput": 0.16652711420717595
}