{
  "statistics": {
    "numerical_stats": {
      "Retailer ID": {
        "count": 9648,
        "mean": 1173849.7235696518,
        "median": 1185732.0,
        "std": 26360.377309331212,
        "min": 1128299.0,
        "max": 1197831.0,
        "q25": 1185732.0,
        "q75": 1185732.0,
        "skewness": -1.0805174636022123,
        "kurtosis": -0.6640960528608013
      },
      "Price per Unit": {
        "count": 9648,
        "mean": 45.21662520729685,
        "median": 45.0,
        "std": 14.705397125008334,
        "min": 7.0,
        "max": 110.0,
        "q25": 35.0,
        "q75": 55.0,
        "skewness": 0.3624454995891895,
        "kurtosis": 0.4301863009988871
      },
      "Units Sold": {
        "count": 9648,
        "mean": 256.9300373134328,
        "median": 176.0,
        "std": 214.25203007420504,
        "min": 0.0,
        "max": 1275.0,
        "q25": 106.0,
        "q75": 350.0,
        "skewness": 1.462257213604973,
        "kurtosis": 1.6996987658612142
      },
      "Total Sales": {
        "count": 9648,
        "mean": 93273.4375,
        "median": 9576.0,
        "std": 141916.01672684302,
        "min": 0.0,
        "max": 825000.0,
        "q25": 4254.5,
        "q75": 150000.0,
        "skewness": 1.8413591666120177,
        "kurtosis": 3.143841925336787
      },
      "Operating Profit": {
        "count": 9648,
        "mean": 34425.282131011605,
        "median": 4371.5,
        "std": 54193.12414058952,
        "min": 0.0,
        "max": 390000.0,
        "q25": 1922.0,
        "q75": 52063.0,
        "skewness": 2.233597293117571,
        "kurtosis": 5.820362103934637
      },
      "Operating Margin": {
        "count": 9648,
        "mean": 42.29912935323383,
        "median": 41.0,
        "std": 9.719741850510681,
        "min": 10.0,
        "max": 80.0,
        "q25": 35.0,
        "q75": 49.0,
        "skewness": 0.22748151428003213,
        "kurtosis": 0.17529608277695052
      }
    },
    "categorical_stats": {
      "Retailer": {
        "unique_count": 6,
        "most_common": "Foot Locker",
        "most_common_count": 2637,
        "distribution": {
          "Foot Locker": 2637,
          "West Gear": 2374,
          "Sports Direct": 2032,
          "Kohl's": 1030,
          "Amazon": 949,
          "Walmart": 626
        }
      },
      "Invoice Date": {
        "unique_count": 724,
        "most_common": "2021-01-17",
        "most_common_count": 77,
        "distribution": {
          "2021-01-17": 77,
          "2021-03-16": 72,
          "2021-04-17": 72,
          "2021-08-17": 72,
          "2021-11-17": 71,
          "2021-07-16": 70,
          "2021-12-16": 69,
          "2021-01-10": 67,
          "2021-01-24": 67,
          "2021-02-17": 65
        }
      },
      "Region": {
        "unique_count": 5,
        "most_common": "West",
        "most_common_count": 2448,
        "distribution": {
          "West": 2448,
          "Northeast": 2376,
          "Midwest": 1872,
          "South": 1728,
          "Southeast": 1224
        }
      },
      "State": {
        "unique_count": 50,
        "most_common": "Texas",
        "most_common_count": 432,
        "distribution": {
          "Texas": 432,
          "California": 432,
          "New York": 360,
          "Florida": 360,
          "Pennsylvania": 216,
          "Nevada": 216,
          "Tennessee": 216,
          "Alabama": 216,
          "Virginia": 216,
          "Utah": 216
        }
      },
      "City": {
        "unique_count": 52,
        "most_common": "Portland",
        "most_common_count": 360,
        "distribution": {
          "Portland": 360,
          "Charleston": 288,
          "New York": 216,
          "Houston": 216,
          "San Francisco": 216,
          "Los Angeles": 216,
          "Dallas": 216,
          "Philadelphia": 216,
          "Las Vegas": 216,
          "Knoxville": 216
        }
      },
      "Product": {
        "unique_count": 6,
        "most_common": "Men's Street Footwear",
        "most_common_count": 1610,
        "distribution": {
          "Men's Street Footwear": 1610,
          "Men's Athletic Footwear": 1610,
          "Women's Street Footwear": 1608,
          "Women's Apparel": 1608,
          "Women's Athletic Footwear": 1606,
          "Men's Apparel": 1606
        }
      },
      "Sales Method": {
        "unique_count": 3,
        "most_common": "Online",
        "most_common_count": 4889,
        "distribution": {
          "Online": 4889,
          "Outlet": 3019,
          "In-store": 1740
        }
      }
    },
    "correlations": {
      "strong_correlations": [
        {
          "var1": "Units Sold",
          "var2": "Total Sales",
          "correlation": 0.9134314656070663
        },
        {
          "var1": "Units Sold",
          "var2": "Operating Profit",
          "correlation": 0.8923794236295555
        },
        {
          "var1": "Total Sales",
          "var2": "Operating Profit",
          "correlation": 0.9563074748281619
        }
      ]
    }
  },
  "interpretation": {
    "distribution_patterns": "Price per Unit is centered around $45 (mean 45.2, median 45) with only mild right skew, so pricing appears fairly standardized across products and channels, though a small number of premium-priced records up to $110 pull the average upward slightly. Because this column was flagged for outliers, those high-price transactions should not be treated as typical without checking whether they reflect premium product mixes, bundled pricing, or data entry issues. Units Sold is strongly right-skewed (mean 256.9 vs median 176, skew 1.46), indicating that most transactions are relatively modest in volume but a smaller set of very large orders drives a meaningful share of unit volume. In business terms, this suggests a mix of ordinary retail transactions and bulk-like or unusually large sales records; the presence of zero-unit records also warrants validation because they may represent cancellations, placeholders, or data quality problems. Total Sales is extremely right-skewed (mean 93.3k vs median 9.6k, skew 1.84) with high kurtosis, meaning revenue is concentrated in a relatively small number of very large sales records. The very large gap between median and upper quartile (9.6k vs 150k) suggests the dataset may combine different transaction granularities, such as small retail invoices and aggregated sales entries, rather than a single consistent transaction type. Operating Profit shows the same pattern even more strongly (mean 34.4k vs median 4.4k, skew 2.23, kurtosis 5.82), implying profit is heavily concentrated in a limited number of high-value records. This is consistent with profit being structurally tied to sales, but the extreme tail also suggests possible aggregation effects or unusually profitable channel/product combinations. Operating Margin is much more stable than sales and profit (mean 42.3, median 41, mild skew), which implies that while revenue and profit dollars vary dramatically by order size, the percentage profitability is comparatively standardized across records. That stability is business-plausible if margins are set by product/channel pricing rules, though the wide range from 10 to 80 still deserves review for exceptional promotions, accounting treatment differences, or inconsistent margin definitions.",
    "strong_correlations": [
      {
        "variables": "Units Sold and Total Sales",
        "interpretation": "This very strong positive relationship (r=0.91) means higher-volume records almost always generate higher revenue. In business terms, sales dollars are driven primarily by quantity sold, which is expected because Total Sales is mechanically influenced by Units Sold multiplied by price. This is mostly a structural relationship rather than a behavioral insight, although deviations from the pattern could still reveal pricing differences across products or channels.",