{
  "QUIS": {
    "question_diversity": {
      "question_diversity": 0.5213310420513153,
      "avg_similarity": 0.4786689579486847,
      "num_questions": 97
    },
    "question_specificity": {
      "question_specificity_mean": 9.525773195876289,
      "question_specificity_std": 1.7591749677381696,
      "num_questions": 97
    },
    "question_insight_alignment": {
      "question_insight_alignment": 0.5629645586013794,
      "question_insight_alignment_std": 0.09591254591941833,
      "num_pairs": 97
    },
    "reason_insight_coherence": {
      "reason_insight_coherence": 0.5712996125221252,
      "reason_insight_coherence_std": 0.09590417146682739,
      "num_pairs": 97
    },
    "question_novelty": {
      "question_novelty": 0.979381443298969,
      "novel_count": 95,
      "total_count": 97,
      "avg_max_similarity": 0.6660486459732056,
      "tau": 0.85
    }
  },
  "Baseline": {
    "question_diversity": {
      "question_diversity": 0.595619797706604,
      "avg_similarity": 0.404380202293396,
      "num_questions": 86
    },
    "question_specificity": {
      "question_specificity_mean": 12.779069767441861,
      "question_specificity_std": 5.239388307077631,
      "num_questions": 86
    },
    "question_insight_alignment": {
      "question_insight_alignment": 0.5757988095283508,
      "question_insight_alignment_std": 0.19205410778522491,
      "num_pairs": 86
    },
    "reason_insight_coherence": {
      "reason_insight_coherence": 0.5103937983512878,
      "reason_insight_coherence_std": 0.11368581652641296,
      "num_pairs": 86
    },
    "question_novelty": {
      "question_novelty": 0.9534883720930233,
      "novel_count": 82,
      "total_count": 86,
      "avg_max_similarity": 0.6727966666221619,
      "tau": 0.85
    }
  }
}