{
  "onlystats": {
    "total_time_seconds": 7.364808709011413,
    "insights_generated": 98,
    "throughput_insights_per_second": 13.306523478347703,
    "step_times": {
      "card_generation": 0,
      "isgen": 7.364808709011413
    }
  }
}