{
  "metrics": {
    "missing_values": {
      "Mã màu": {
        "count": 332,
        "percentage": 32.04633204633205
      },
      "Tên màu": {
        "count": 332,
        "percentage": 32.04633204633205
      },
      "Khu Vực (Quận/Huyện)": {
        "count": 49,
        "percentage": 4.72972972972973
      },
      "Khoảng_cách_đơn_trước": {
        "count": 42,
        "percentage": 4.054054054054054
      }
    },
    "outliers": {
      "Khối lượng": {
        "count": 99,
        "percentage": 9.555984555984557,
        "lower_bound": 2385.0,
        "upper_bound": 5385.0
      },
      "Met A": {
        "count": 89,
        "percentage": 8.59073359073359,
        "lower_bound": 456.0,
        "upper_bound": 1944.0
      },
      "Met B": {
        "count": 40,
        "percentage": 3.861003861003861,
        "lower_bound": 0.0,
        "upper_bound": 0.0
      },
      "Met C": {
        "count": 44,
        "percentage": 4.247104247104247,
        "lower_bound": 2.0,
        "upper_bound": 2.0
      },
      "Tỷ trọng thực tế": {
        "count": 1,
        "percentage": 0.09652509652509653,
        "lower_bound": 1.5195555028750005,
        "upper_bound": 4.954755747875
      },
      "Thành Tiền": {
        "count": 110,
        "percentage": 10.617760617760617,
        "lower_bound": 55343468.125,
        "upper_bound": 117681381.125
      },
      "Năm": {
        "count": 225,
        "percentage": 21.71814671814672,
        "lower_bound": 2025.0,
        "upper_bound": 2025.0
      },
      "Tháng": {
        "count": 225,
        "percentage": 21.71814671814672,
        "lower_bound": 3.5,
        "upper_bound": 15.5
      },
      "Giá_trên_kg": {
        "count": 3,
        "percentage": 0.28957528957528955,
        "lower_bound": 17029.375,
        "upper_bound": 26742.375
      },
      "Doanh_thu_trên_mm": {
        "count": 110,
        "percentage": 10.617760617760617,
        "lower_bound": 46119.125,
        "upper_bound": 98068.125
      },
      "Doanh_thu_theo_tuan_trong_thang": {
        "count": 27,
        "percentage": 2.606177606177606,
        "lower_bound": -1014027822.5,
        "upper_bound": 2092148525.5
      },
      "Khoảng_cách_đơn_trước": {
        "count": 84,
        "percentage": 8.108108108108109,
        "lower_bound": -9.0,
        "upper_bound": 15.0
      },
      "Doanh_thu_tb_mỗi_lần": {
        "count": 38,
        "percentage": 3.667953667953668,
        "lower_bound": 67224138.0,
        "upper_bound": 97392802.0
      },
      "Cờ_giao_dịch_bất_thường": {
        "count": 40,
        "percentage": 3.861003861003861,
        "lower_bound": 0.0,
        "upper_bound": 0.0
      },
      "Tỷ_trọng_doanh_thu_%": {
        "count": 110,
        "percentage": 10.617760617760617,
        "lower_bound": 0.06519939949999999,
        "upper_bound": 0.1386388595
      },
      "Điểm_hài_lòng_khách_hàng": {
        "count": 22,
        "percentage": 2.1235521235521233,
        "lower_bound": 47.5,
        "upper_bound": 107.5
      }
    },
    "duplicates": 0,
    "total_issues": 20
  },
  "assessment": {
    "critical_issues": [
      {
        "issue": "Thiếu giá trị trong các trường Mã màu và Tên màu",
        "severity": "high",
        "impact": "Thiếu thông tin này có thể dẫn đến khó khăn trong việc phân tích và phân loại dữ liệu, ảnh hưởng đến khả năng ra quyết định.",
        "recommendation": "Cần thu thập và bổ sung thông tin cho các trường Mã màu và Tên màu."
      },
      {
        "issue": "Số lượng ngoại lệ cao trong các trường Khối lượng và Thành Tiền",
        "severity": "high",
        "impact": "Các giá trị ngoại lệ có thể làm sai lệch kết quả phân tích và dẫn đến quyết định không chính xác.",
        "recommendation": "Cần kiểm tra và làm sạch dữ liệu để loại bỏ hoặc điều chỉnh các giá trị ngoại lệ."
      },
      {
        "issue": "Năm và Tháng có nhiều giá trị ngoại lệ",
        "severity": "medium",
        "impact": "Giá trị không hợp lệ trong các trường này có thể gây nhầm lẫn trong việc phân tích theo thời gian.",
        "recommendation": "Cần xác minh và điều chỉnh các giá trị năm và tháng để đảm bảo tính chính xác."
      }
    ],
    "overall_quality_score": 75,
    "priority_actions": [
      "Bổ sung thông tin cho các trường thiếu giá trị",
      "Làm sạch dữ liệu để loại bỏ giá trị ngoại lệ",
      "Xác minh và điều chỉnh các giá trị năm và tháng"
    ],
    "detailed_analysis": "Dữ liệu có một số vấn đề nghiêm trọng liên quan đến thiếu giá trị và ngoại lệ, đặc biệt là trong các trường Mã màu, Tên màu, Khối lượng và Thành Tiền. Những vấn đề này có thể ảnh hưởng lớn đến độ tin cậy của dữ liệu và khả năng phân tích. Việc thực hiện các hành động ưu tiên sẽ giúp cải thiện chất lượng dữ liệu một cách đáng kể."
  },
  "summary": {
    "total_issues": 20,
    "critical_issues": 3,
    "data_quality_score": 75
  }
}