{
  "total_time": 531.5946378707886,
  "step_times": {
    "profiling": 27.36727476119995,
    "quality": 25.12128210067749,
    "statistics": 35.56507182121277,
    "patterns": 87.9497652053833,
    "insights": 355.3444516658783
  },
  "insights_generated": 81,
  "throughput": 0.15237174009962112,
  "token_usage": {
    "input_tokens": 78410,
    "output_tokens": 35530,
    "total_tokens": 113940,
    "requests": 22
  }
}