{
  "baseline": {
    "total_time_seconds": 594.2439229488373,
    "step_times": {
      "profiling": 20.344295978546143,
      "quality": 17.85874891281128,
      "statistics": 20.860668897628784,
      "patterns": 117.39950108528137,
      "insights": 417.4703121185303
    },
    "insights_generated": 77,
    "throughput_insights_per_second": 0.1295764197602564
  },
  "ifq": {
    "total_time_seconds": 613.299,
    "step_times": {
      "qugen": 452.448,
      "isgen": 160.851
    },
    "insights_generated": 93
  }
}
