{
  "total_time": 267.5257399082184,
  "step_times": {
    "profiling": 17.324230909347534,
    "quality": 8.58403205871582,
    "statistics": 13.575409889221191,
    "patterns": 62.24178099632263,
    "insights": 165.68679404258728
  },
  "insights_generated": 31,
  "throughput": 0.11587670035277858
}