{
  "metrics": {
    "missing_values": {
      "Mã màu": {
        "count": 332,
        "percentage": 32.04633204633205
      },
      "Tên màu": {
        "count": 332,
        "percentage": 32.04633204633205
      },
      "Khu Vực (Quận/Huyện)": {
        "count": 49,
        "percentage": 4.72972972972973
      },
      "Khoảng_cách_đơn_trước": {
        "count": 42,
        "percentage": 4.054054054054054
      }
    },
    "outliers": {
      "Khối lượng": {
        "count": 99,
        "percentage": 9.555984555984557,
        "lower_bound": 2385.0,
        "upper_bound": 5385.0
      },
      "Met A": {
        "count": 89,
        "percentage": 8.59073359073359,
        "lower_bound": 456.0,
        "upper_bound": 1944.0
      },
      "Met B": {
        "count": 40,
        "percentage": 3.861003861003861,
        "lower_bound": 0.0,
        "upper_bound": 0.0
      },
      "Met C": {
        "count": 44,
        "percentage": 4.247104247104247,
        "lower_bound": 2.0,
        "upper_bound": 2.0
      },
      "Tỷ trọng thực tế": {
        "count": 1,
        "percentage": 0.09652509652509653,
        "lower_bound": 1.5195555028750005,
        "upper_bound": 4.954755747875
      },
      "Thành Tiền": {
        "count": 110,
        "percentage": 10.617760617760617,
        "lower_bound": 55343468.125,
        "upper_bound": 117681381.125
      },
      "Năm": {
        "count": 225,
        "percentage": 21.71814671814672,
        "lower_bound": 2025.0,
        "upper_bound": 2025.0
      },
      "Tháng": {
        "count": 225,
        "percentage": 21.71814671814672,
        "lower_bound": 3.5,
        "upper_bound": 15.5
      },
      "Giá_trên_kg": {
        "count": 3,
        "percentage": 0.28957528957528955,
        "lower_bound": 17029.375,
        "upper_bound": 26742.375
      },
      "Doanh_thu_trên_mm": {
        "count": 110,
        "percentage": 10.617760617760617,
        "lower_bound": 46119.125,
        "upper_bound": 98068.125
      },
      "Doanh_thu_theo_tuan_trong_thang": {
        "count": 27,
        "percentage": 2.606177606177606,
        "lower_bound": -1014027822.5,
        "upper_bound": 2092148525.5
      },
      "Khoảng_cách_đơn_trước": {
        "count": 84,
        "percentage": 8.108108108108109,
        "lower_bound": -9.0,
        "upper_bound": 15.0
      },
      "Doanh_thu_tb_mỗi_lần": {
        "count": 38,
        "percentage": 3.667953667953668,
        "lower_bound": 67224138.0,
        "upper_bound": 97392802.0
      },
      "Cờ_giao_dịch_bất_thường": {
        "count": 40,
        "percentage": 3.861003861003861,
        "lower_bound": 0.0,
        "upper_bound": 0.0
      },
      "Tỷ_trọng_doanh_thu_%": {
        "count": 110,
        "percentage": 10.617760617760617,
        "lower_bound": 0.06519939949999999,
        "upper_bound": 0.1386388595
      },
      "Điểm_hài_lòng_khách_hàng": {
        "count": 22,
        "percentage": 2.1235521235521233,
        "lower_bound": 47.5,
        "upper_bound": 107.5
      }
    },
    "duplicates": 0,
    "total_issues": 20
  },
  "assessment": {
    "critical_issues": [
      {
        "issue": "Missing values in 'Mã màu' (332 records, 32.05%), a high-importance product attribute.",
        "severity": "high",
        "impact": "Affects product-level analysis, SKU grouping, color-based sales reporting, inventory segmentation, and any downstream modeling that relies on product identity or color classification. Missing product code values can also break joins with reference/master data.",
        "recommendation": "Investigate whether 'Mã màu' can be backfilled from 'Tên màu', SKU fields, or product master data. Enforce mandatory capture for this field at source and add validation rules to prevent null product color codes."
      },
      {
        "issue": "Missing values in 'Tên màu' (332 records, 32.05%), reducing interpretability of product color information.",
        "severity": "medium",
        "impact": "Limits business reporting and user-facing analysis by color, reduces explainability of product segmentation, and weakens validation against 'Mã màu'. While less critical than coded attributes, it still affects commercial analysis and data usability.",
        "recommendation": "Standardize and populate 'Tên màu' using lookup tables from 'Mã màu'. Add a controlled dictionary for color names and enforce consistency between code and label."
      },
      {
        "issue": "Missing values in 'Khu Vực (Quận/Huyện)' (49 records, 4.73%) in a high-importance geographic field.",
        "severity": "high",
        "impact": "Reduces accuracy of district-level sales analysis, geographic demand mapping, delivery performance analysis, and regional customer segmentation. It may also distort local operational planning and territory performance reporting.",
        "recommendation": "Backfill district values from customer address, province-city combinations, or CRM/location master data. Add address completeness checks during data entry."
      },
      {
        "issue": "Missing values in 'Khoảng_cách_đơn_trước' (42 records, 4.05%) in a medium-importance behavioral feature.",
        "severity": "medium",
        "impact": "Impairs recency analysis, customer purchase pattern tracking, and predictive features used for churn, reorder, or sales frequency modeling.",
        "recommendation": "Recompute this field from transaction dates ordered by customer/product. If derived, avoid manual storage and generate it systematically in the transformation layer."
      },
      {
        "issue": "High outlier rate in 'Khối lượng' (99 records, 9.56%) for a high-importance operational measure.",
        "severity": "high",
        "impact": "Can distort pricing analysis, logistics planning, product profitability, and unit economics. Extreme values may indicate unit inconsistency, entry errors, or genuinely exceptional orders that need separate treatment.",
        "recommendation": "Validate units of measure and compare against expected ranges by product type. Review extreme records with business owners and either correct data-entry errors or flag legitimate exceptional transactions."
      },
      {
        "issue": "High outlier rate in 'Thành Tiền' (110 records, 10.62%) for a high-importance revenue field.",
        "severity": "high",
        "impact": "Directly affects revenue reporting, profitability analysis, forecasting, customer value calculations, and anomaly detection. If invalid, these records can materially bias financial conclusions.",
        "recommendation": "Audit extreme transactions against invoices and pricing rules. Segment by product/customer to distinguish valid large orders from erroneous amounts, and implement threshold-based validation at source."
      },
      {
        "issue": "Outliers in 'Tỷ trọng thực tế' (1 record, 0.10%) for a high-importance physical characteristic.",
        "severity": "medium",
        "impact": "Although low in frequency, this may indicate a measurement or recording error in a critical product quality attribute, potentially affecting quality control and product specification analysis.",
        "recommendation": "Review the specific record against lab or production measurements. If valid, document as a rare but acceptable case; otherwise correct or exclude from quality-sensitive analysis."
      },
      {
        "issue": "Outliers in 'Giá_trên_kg' (3 records, 0.29%) for a high-importance pricing metric.",
        "severity": "medium",
        "impact": "Can distort pricing benchmarks, margin analysis, and exception reporting. Even a few pricing anomalies may indicate discounting errors, incorrect weight values, or invoice issues.",