{
  "metrics": {
    "missing_values": {
      "Mã màu": {
        "count": 332,
        "percentage": 32.04633204633205
      },
      "Tên màu": {
        "count": 332,
        "percentage": 32.04633204633205
      },
      "Khu Vực (Quận/Huyện)": {
        "count": 49,
        "percentage": 4.72972972972973
      },
      "Doanh_thu_theo_tuan_trong_thang": {
        "count": 25,
        "percentage": 2.413127413127413
      },
      "Khoảng_cách_đơn_trước": {
        "count": 42,
        "percentage": 4.054054054054054
      },
      "Tổng_doanh_thu_sản_phẩm": {
        "count": 26,
        "percentage": 2.5096525096525095
      }
    },
    "outliers": {
      "Khối lượng": {
        "count": 99,
        "percentage": 9.555984555984557,
        "lower_bound": 2385.0,
        "upper_bound": 5385.0
      },
      "Met A": {
        "count": 89,
        "percentage": 8.59073359073359,
        "lower_bound": 456.0,
        "upper_bound": 1944.0
      },
      "Met B": {
        "count": 40,
        "percentage": 3.861003861003861,
        "lower_bound": 0.0,
        "upper_bound": 0.0
      },
      "Met C": {
        "count": 44,
        "percentage": 4.247104247104247,
        "lower_bound": 2.0,
        "upper_bound": 2.0
      },
      "Tỷ trọng thực tế": {
        "count": 1,
        "percentage": 0.09652509652509653,
        "lower_bound": 1.5195555028750005,
        "upper_bound": 4.954755747875
      },
      "Thành Tiền": {
        "count": 110,
        "percentage": 10.617760617760617,
        "lower_bound": 55343468.125,
        "upper_bound": 117681381.125
      },
      "Năm": {
        "count": 225,
        "percentage": 21.71814671814672,
        "lower_bound": 2025.0,
        "upper_bound": 2025.0
      },
      "Tháng": {
        "count": 225,
        "percentage": 21.71814671814672,
        "lower_bound": 3.5,
        "upper_bound": 15.5
      },
      "Giá_trên_kg": {
        "count": 3,
        "percentage": 0.28957528957528955,
        "lower_bound": 17029.375,
        "upper_bound": 26742.375
      },
      "Doanh_thu_trên_mm": {
        "count": 110,
        "percentage": 10.617760617760617,
        "lower_bound": 46119.125,
        "upper_bound": 98068.125
      },
      "Doanh_thu_theo_tuan_trong_thang": {
        "count": 27,
        "percentage": 2.606177606177606,
        "lower_bound": -1090898655.0,
        "upper_bound": 2243749585.0
      },
      "Khoảng_cách_đơn_trước": {
        "count": 84,
        "percentage": 8.108108108108109,
        "lower_bound": -9.0,
        "upper_bound": 15.0
      },
      "Doanh_thu_tb_mỗi_lần": {
        "count": 38,
        "percentage": 3.667953667953668,
        "lower_bound": 67224138.0,
        "upper_bound": 97392802.0
      },
      "Cờ_giao_dịch_bất_thường": {
        "count": 40,
        "percentage": 3.861003861003861,
        "lower_bound": 0.0,
        "upper_bound": 0.0
      },
      "Tỷ_trọng_doanh_thu_%": {
        "count": 110,
        "percentage": 10.617760617760617,
        "lower_bound": 0.06519939949999999,
        "upper_bound": 0.1386388595
      },
      "Điểm_hài_lòng_khách_hàng": {
        "count": 22,
        "percentage": 2.1235521235521233,
        "lower_bound": 47.5,
        "upper_bound": 107.5
      }
    },
    "duplicates": 0,
    "total_issues": 22
  },
  "assessment": {
    "critical_issues": [
      {
        "issue": "Missing values in 'Mã màu' (32.05%), a high-importance product attribute.",
        "severity": "high",
        "impact": "A large share of records cannot be reliably grouped, filtered, or analyzed by color code. This weakens product-level sales analysis, SKU mapping, inventory reporting, and any downstream segmentation or pricing analysis tied to color.",
        "recommendation": "Backfill 'Mã màu' from product master data or infer from related fields such as 'Tên màu', 'SKU_Màu', or 'Mã_sản_phẩm'. Enforce mandatory population of color code at data entry."
      },
      {
        "issue": "Missing values in 'Tên màu' (32.05%), a medium-importance descriptive product field closely related to a high-importance attribute.",
        "severity": "medium",
        "impact": "Color-based reporting becomes less interpretable for business users, and validation between color code and color name is not possible for one-third of records. This also reduces trust in product categorization outputs.",
        "recommendation": "Standardize and populate 'Tên màu' using reference mappings from 'Mã màu' or product master tables. Add validation rules to ensure color name is present when color code exists."
      },
      {
        "issue": "Missing values in 'Khu Vực (Quận/Huyện)' (4.73%), a high-importance geographic field.",
        "severity": "high",
        "impact": "Regional sales analysis, district-level demand planning, logistics optimization, and customer distribution reporting are incomplete. Geographic aggregation may be biased or understated in affected districts.",
        "recommendation": "Recover missing district values from customer address, delivery records, or 'Tỉnh / Thành Phố'. Add address standardization and mandatory geographic validation in source systems."
      },
      {
        "issue": "Missing values in 'Doanh_thu_theo_tuan_trong_thang' (2.41%), a derived medium-importance revenue metric.",
        "severity": "medium",
        "impact": "Weekly-in-month revenue trend analysis and period-over-period comparisons may be inconsistent. Dashboards using this metric may show gaps or understate performance.",
        "recommendation": "Recalculate the field from 'Ngày bán' and 'Thành Tiền' rather than storing it as a standalone value. Validate completeness during feature engineering."
      },
      {
        "issue": "Missing values in 'Khoảng_cách_đơn_trước' (4.05%), a medium-importance behavioral feature.",
        "severity": "medium",
        "impact": "Customer purchase cadence analysis, churn modeling, and repeat-purchase behavior metrics become less reliable. Models using recency intervals may be biased.",
        "recommendation": "Recompute from sorted transaction history by customer and sale date. Distinguish true first-order cases from missing historical data."
      },
      {
        "issue": "Missing values in 'Tổng_doanh_thu_sản_phẩm' (2.51%), a medium-importance aggregated metric.",
        "severity": "medium",
        "impact": "Product performance summaries and contribution analysis may be incomplete, affecting ranking, assortment decisions, and profitability reviews.",
        "recommendation": "Rebuild this metric from transaction-level revenue grouped by product. Avoid manual population of aggregate fields."
      },
      {
        "issue": "Outliers in 'Khối lượng' (9.56%), a high-importance operational measure.",
        "severity": "high",
        "impact": "Abnormal weights can distort unit economics, shipping cost estimation, production analysis, and revenue-per-kg calculations. If erroneous, they can materially bias profitability and demand metrics.",
        "recommendation": "Validate extreme values against product specifications and transaction records. Separate legitimate heavy/light products by category before applying outlier rules, and correct obvious entry errors."
      },
      {
        "issue": "Outliers in 'Met A' (8.59%), a medium-importance measurement field.",
        "severity": "medium",
        "impact": "Product specification analysis and any engineered features using this dimension may be skewed. It may also indicate inconsistent measurement capture.",
        "recommendation": "Review business meaning and expected ranges by product type. Apply category-specific validation thresholds and correct unit or entry inconsistencies."
      },
      {
        "issue": "Outliers in 'Met B' (3.86%) where the IQR bounds are exactly 0.0 to 0.0, suggesting a near-constant field or unsuitable outlier logic.",
        "severity": "medium",