{
  "total_time": 594.2439229488373,
  "step_times": {
    "profiling": 20.344295978546143,
    "quality": 17.85874891281128,
    "statistics": 20.860668897628784,
    "patterns": 117.39950108528137,
    "insights": 417.4703121185303
  },
  "insights_generated": 77,
  "throughput": 0.1295764197602564,
  "token_usage": {
    "input_tokens": 76395,
    "output_tokens": 40455,
    "total_tokens": 116850,
    "requests": 22
  }
}