{
  "total_time": 564.8557720184326,
  "step_times": {
    "profiling": 21.176554918289185,
    "quality": 20.356401920318604,
    "statistics": 19.435823917388916,
    "patterns": 113.07165217399597,
    "insights": 390.25243878364563
  },
  "insights_generated": 75,
  "throughput": 0.13277725698366868,
  "token_usage": {
    "input_tokens": 78837,
    "output_tokens": 37218,
    "total_tokens": 116055,
    "requests": 22
  }
}