{
  "total_time": 554.2052040100098,
  "step_times": {
    "profiling": 22.77108407020569,
    "quality": 22.047435998916626,
    "statistics": 21.603757858276367,
    "patterns": 117.7611300945282,
    "insights": 369.6555669307709
  },
  "insights_generated": 110,
  "throughput": 0.19848243792025677,
  "token_usage": {
    "input_tokens": 81145,
    "output_tokens": 36076,
    "total_tokens": 117221,
    "requests": 22
  }
}