{
  "statistics": {
    "numerical_stats": {
      "Retailer ID": {
        "count": 9648,
        "mean": 1173849.7235696518,
        "median": 1185732.0,
        "std": 26360.377309331212,
        "min": 1128299.0,
        "max": 1197831.0,
        "q25": 1185732.0,
        "q75": 1185732.0,
        "skewness": -1.0805174636022123,
        "kurtosis": -0.6640960528608013
      },
      "Units Sold": {
        "count": 9648,
        "mean": 250.9896735074627,
        "median": 175.0,
        "std": 206.02755355382004,
        "min": 0.0,
        "max": 975.0,
        "q25": 105.0,
        "q75": 325.0,
        "skewness": 1.356242554453118,
        "kurtosis": 1.1552121642361604
      }
    },
    "categorical_stats": {
      "Retailer": {
        "unique_count": 6,
        "most_common": "Foot Locker",
        "most_common_count": 2637,
        "distribution": {
          "Foot Locker": 2637,
          "West Gear": 2374,
          "Sports Direct": 2032,
          "Kohl's": 1030,
          "Amazon": 949,
          "Walmart": 626
        }
      },
      "Invoice Date": {
        "unique_count": 724,
        "most_common": "17/1/21",
        "most_common_count": 77,
        "distribution": {
          "17/1/21": 77,
          "16/3/21": 72,
          "17/4/21": 72,
          "17/8/21": 72,
          "17/11/21": 71,
          "16/7/21": 70,
          "16/12/21": 69,
          "10/1/21": 67,
          "24/1/21": 67,
          "17/2/21": 65
        }
      },
      "Region": {
        "unique_count": 5,
        "most_common": "West",
        "most_common_count": 2448,
        "distribution": {
          "West": 2448,
          "Northeast": 2376,
          "Midwest": 1872,
          "South": 1728,
          "Southeast": 1224
        }
      },
      "State": {
        "unique_count": 50,
        "most_common": "Texas",
        "most_common_count": 432,
        "distribution": {
          "Texas": 432,
          "California": 432,
          "New York": 360,
          "Florida": 360,
          "Pennsylvania": 216,
          "Nevada": 216,
          "Tennessee": 216,
          "Alabama": 216,
          "Virginia": 216,
          "Utah": 216
        }
      },
      "City": {
        "unique_count": 52,
        "most_common": "Portland",
        "most_common_count": 360,
        "distribution": {
          "Portland": 360,
          "Charleston": 288,
          "New York": 216,
          "Houston": 216,
          "San Francisco": 216,
          "Los Angeles": 216,
          "Dallas": 216,
          "Philadelphia": 216,
          "Las Vegas": 216,
          "Knoxville": 216
        }
      },
      "Product": {
        "unique_count": 6,
        "most_common": "Men's Street Footwear",
        "most_common_count": 1610,
        "distribution": {
          "Men's Street Footwear": 1610,
          "Men's Athletic Footwear": 1610,
          "Women's Street Footwear": 1608,
          "Women's Apparel": 1608,
          "Women's Athletic Footwear": 1606,
          "Men's Apparel": 1606
        }
      },
      "Price per Unit": {
        "unique_count": 94,
        "most_common": "$50,00 ",
        "most_common_count": 675,
        "distribution": {
          "$50,00 ": 675,
          "$55,00 ": 589,
          "$45,00 ": 588,
          "$40,00 ": 534,
          "$60,00 ": 457,
          "$35,00 ": 414,
          "$65,00 ": 301,
          "$30,00 ": 284,
          "$41,00 ": 235,
          "$38,00 ": 201
        }
      },
      "Total Sales": {
        "unique_count": 3138,
        "most_common": "$100.000 ",
        "most_common_count": 67,
        "distribution": {
          "$100.000 ": 67,
          "$90.000 ": 57,
          "$180.000 ": 57,
          "$135.000 ": 56,
          "$78.750 ": 53,
          "$150.000 ": 53,
          "$225.000 ": 51,
          "$112.500 ": 51,
          "$165.000 ": 51,
          "$60.000 ": 49
        }
      },
      "Operating Profit": {
        "unique_count": 4187,
        "most_common": "$63.000 ",
        "most_common_count": 39,
        "distribution": {
          "$63.000 ": 39,
          "$105.000 ": 39,
          "$78.750 ": 38,
          "$31.500 ": 38,
          "$21.000 ": 38,
          "$45.000 ": 38,
          "$52.500 ": 37,
          "$35.000 ": 34,
          "$30.000 ": 34,
          "$42.000 ": 31
        }
      },
      "Operating Margin": {
        "unique_count": 66,
        "most_common": "35%",
        "most_common_count": 1309,
        "distribution": {
          "35%": 1309,
          "40%": 1292,
          "30%": 722,
          "50%": 637,
          "45%": 589,
          "25%": 330,
          "47%": 322,
          "55%": 297,
          "42%": 296,
          "46%": 290
        }
      },
      "Sales Method": {
        "unique_count": 3,
        "most_common": "Online",
        "most_common_count": 4889,
        "distribution": {
          "Online": 4889,
          "Outlet": 3019,
          "In-store": 1740
        }
      }
    },
    "correlations": {
      "strong_correlations": []
    }
  },
  "interpretation": {
    "distribution_patterns": "The distribution of 'Retailer ID' is negatively skewed (skewness = -1.08), indicating that most retailers have IDs clustered towards the higher end, with a long tail towards lower IDs. The kurtosis value of -0.66 suggests a flatter distribution than a normal distribution, indicating fewer outliers. In contrast, 'Units Sold' is positively skewed (skewness = 1.36), indicating that most sales are on the lower end with a long tail towards higher sales. The kurtosis value of 1.16 indicates a distribution that is more peaked than normal, suggesting a higher frequency of values near the mean and fewer extreme values.",
    "strong_correlations": [],
    "key_findings": [
      "The mean 'Retailer ID' is approximately 1,173,850, with a narrow range (min: 1,128,299, max: 1,197,831) suggesting a consistent identification system among retailers.",
      "The average 'Units Sold' is 251, but the median is significantly lower at 175, indicating a right-skewed distribution with a few retailers selling a very high number of units.",
      "The standard deviation for 'Units Sold' is quite high (206), indicating substantial variability in sales across retailers."
    ],
    "statistical_anomalies": [
      "The significant difference between the mean and median of 'Units Sold' suggests that a small number of retailers may be driving high sales, creating potential outliers.",
      "The skewness in 'Units Sold' indicates that while most retailers sell a modest number of units, a few outliers may be selling exceptionally high quantities, which could impact overall sales strategies."
    ],
    "recommendations": [
      "Conduct a detailed analysis of outliers in 'Units Sold' to understand the factors contributing to high sales among certain retailers.",
      "Perform correlation analyses between 'Units Sold' and categorical variables to identify potential relationships that could inform sales strategies."
    ]
  },
  "summary": {
    "numerical_columns": 2,
    "categorical_columns": 11,
    "strong_correlations": 0,
    "key_findings": [
      "The mean 'Retailer ID' is approximately 1,173,850, with a narrow range (min: 1,128,299, max: 1,197,831) suggesting a consistent identification system among retailers.",
      "The average 'Units Sold' is 251, but the median is significantly lower at 175, indicating a right-skewed distribution with a few retailers selling a very high number of units.",
      "The standard deviation for 'Units Sold' is quite high (206), indicating substantial variability in sales across retailers."
    ]
  }
}