{
  "total_time": 163.39493823051453,
  "step_times": {
    "profiling": 31.88857102394104,
    "quality": 7.38400673866272,
    "statistics": 10.620305299758911,
    "patterns": 47.902405977249146,
    "insights": 65.5839102268219
  },
  "insights_generated": 16,
  "throughput": 0.09792225006032622
}