{
  "metrics": {
    "missing_values": {
      "Mã màu": {
        "count": 332,
        "percentage": 32.04633204633205
      },
      "Tên màu": {
        "count": 332,
        "percentage": 32.04633204633205
      },
      "Khu Vực (Quận/Huyện)": {
        "count": 49,
        "percentage": 4.72972972972973
      },
      "Khoảng_cách_đơn_trước": {
        "count": 42,
        "percentage": 4.054054054054054
      }
    },
    "outliers": {
      "Khối lượng": {
        "count": 99,
        "percentage": 9.555984555984557,
        "lower_bound": 2385.0,
        "upper_bound": 5385.0
      },
      "Met A": {
        "count": 89,
        "percentage": 8.59073359073359,
        "lower_bound": 456.0,
        "upper_bound": 1944.0
      },
      "Met B": {
        "count": 40,
        "percentage": 3.861003861003861,
        "lower_bound": 0.0,
        "upper_bound": 0.0
      },
      "Met C": {
        "count": 44,
        "percentage": 4.247104247104247,
        "lower_bound": 2.0,
        "upper_bound": 2.0
      },
      "Thành Tiền": {
        "count": 110,
        "percentage": 10.617760617760617,
        "lower_bound": 55343468.125,
        "upper_bound": 117681381.125
      },
      "Năm": {
        "count": 225,
        "percentage": 21.71814671814672,
        "lower_bound": 2025.0,
        "upper_bound": 2025.0
      },
      "Tháng": {
        "count": 225,
        "percentage": 21.71814671814672,
        "lower_bound": 3.5,
        "upper_bound": 15.5
      },
      "Giá_trên_kg": {
        "count": 3,
        "percentage": 0.28957528957528955,
        "lower_bound": 17029.375,
        "upper_bound": 26742.375
      },
      "Doanh_thu_trên_mm": {
        "count": 110,
        "percentage": 10.617760617760617,
        "lower_bound": 46119.125,
        "upper_bound": 98068.125
      },
      "Khoảng_cách_đơn_trước": {
        "count": 84,
        "percentage": 8.108108108108109,
        "lower_bound": -9.0,
        "upper_bound": 15.0
      },
      "Doanh_thu_tb_mỗi_lần": {
        "count": 38,
        "percentage": 3.667953667953668,
        "lower_bound": 67224138.0,
        "upper_bound": 97392802.0
      },
      "Cờ_giao_dịch_bất_thường": {
        "count": 40,
        "percentage": 3.861003861003861,
        "lower_bound": 0.0,
        "upper_bound": 0.0
      },
      "Điểm_hài_lòng_khách_hàng": {
        "count": 22,
        "percentage": 2.1235521235521233,
        "lower_bound": 47.5,
        "upper_bound": 107.5
      }
    },
    "duplicates": 0,
    "total_issues": 17
  },
  "assessment": {
    "critical_issues": [
      {
        "issue": "High percentage of missing values in 'Mã màu' and 'Tên màu'",
        "severity": "high",
        "impact": "The high percentage of missing values (32%) in these critical fields can lead to incomplete analyses and misinterpretations, affecting decision-making processes.",
        "recommendation": "Implement data collection improvements to ensure that these fields are filled out during data entry. Consider using validation rules to enforce mandatory fields."
      },
      {
        "issue": "Significant outliers in 'Thành Tiền' and 'Năm'",
        "severity": "high",
        "impact": "Outliers can skew results and lead to incorrect conclusions about trends and averages, especially in financial metrics like 'Thành Tiền'.",
        "recommendation": "Conduct a thorough investigation to understand the cause of these outliers and determine if they should be corrected or removed from the dataset."
      },
      {
        "issue": "Outliers in 'Khối lượng' and 'Doanh_thu_trên_mm'",
        "severity": "medium",
        "impact": "While not as severe as the previous issues, these outliers can still affect the reliability of the dataset, leading to potential miscalculations in analyses.",
        "recommendation": "Analyze the context of these outliers and apply appropriate statistical methods to handle them, such as winsorizing or transformation."
      }
    ],
    "overall_quality_score": 65,
    "priority_actions": [
      "Enhance data entry processes to reduce missing values.",
      "Investigate and address outliers in critical financial metrics.",
      "Implement regular data quality audits to monitor and maintain data integrity."
    ],
    "detailed_analysis": "The dataset exhibits significant quality issues, particularly with missing values and outliers. The high percentage of missing values in key fields like 'Mã màu' and 'Tên màu' poses a critical risk to data completeness and reliability. Additionally, the presence of numerous outliers in financial and measurement metrics suggests potential data entry errors or anomalies that could mislead analyses. Addressing these issues through improved data collection methods and regular audits will enhance overall data quality."
  },
  "summary": {
    "total_issues": 17,
    "critical_issues": 3,
    "data_quality_score": 65
  }
}