{
  "total_time": 901.9582800865173,
  "step_times": {
    "profiling": 42.33386588096619,
    "quality": 75.54997301101685,
    "statistics": 61.922706842422485,
    "patterns": 175.09634399414062,
    "insights": 546.7746839523315
  },
  "insights_generated": 124,
  "throughput": 0.13747864256881784,
  "token_usage": {
    "input_tokens": 131926,
    "output_tokens": 54959,
    "total_tokens": 186885,
    "requests": 22
  }
}