{
  "total_time": 427.9135401248932,
  "step_times": {
    "profiling": 34.46103596687317,
    "quality": 47.423580169677734,
    "statistics": 66.2321560382843,
    "patterns": 168.09238409996033,
    "insights": 111.3992760181427
  },
  "insights_generated": 21,
  "throughput": 0.049075334222588106,
  "token_usage": {
    "input_tokens": 43348,
    "output_tokens": 25895,
    "total_tokens": 69243,
    "requests": 9
  }
}